{
    "modelo": "Extra Trees",
    "reamostragem": "sem reamostragem",
    "parametros": "{'max_depth': None, 'max_features': 'sqrt', 'min_samples_leaf': 1, 'n_estimators': 200}",
    "threshold": 0.55,
    "accuracy_validacao": 0.9468972533062054,
    "precision_0_validacao": 0.5473251028806584,
    "recall_0_validacao": 0.46830985915492956,
    "f1_0_validacao": 0.5047438330170778,
    "f1_macro_validacao": 0.7383441835191806,
    "auc_roc_validacao": 0.8356635168384525,
    "pr_auc_0_validacao": 0.3944475306585913,
    "taxa_concessao_indevida_validacao": 0.5316901408450704,
    "threshold_escolhido": 0.55,
    "threshold_teste": 0.55,
    "accuracy_teste": 0.9412123677786819,
    "precision_0_teste": 0.4915254237288136,
    "recall_0_teste": 0.4070175438596491,
    "f1_0_teste": 0.44529750479846447,
    "precision_1_teste": 0.9638888888888889,
    "recall_1_teste": 0.9740876700496653,
    "f1_1_teste": 0.9689614434539792,
    "f1_macro_teste": 0.7071294741262218,
    "auc_roc_teste": 0.8188534930502677,
    "pr_auc_0_teste": 0.355014627495336,
    "negados_corretamente_tn_teste": 116,
    "concessoes_indevidas_fp_teste": 169,
    "negacoes_indevidas_fn_teste": 120,
    "concedidos_corretamente_tp_teste": 4511,
    "taxa_concessao_indevida_teste": 0.5929824561403508,
    "taxa_negacao_indevida_teste": 0.0259123299503347
}